"canonical_exercise_id","exact_app_display_name","source_collections","primary_collection","primary_category","body_region","position","equipment","motion_format","requires_clinical_or_rule_review","existing_demo_status","asset_status","asset_filename","notes"
"seated-march","Seated Core March","prescribed;strength-library","prescribed","strength","Core","Seated","adjustable-bench","start_end","Existing restrictions remain authoritative","external_reference","generated","/assets/exercises/prescribed/seated-march.png","Normalized 640 × 960 PNG visually inspected: exact title, panel labels, anatomy, equipment, uncropped composition and readability checked. Supplemental illustration only."
"supported-db-row","Bench-Supported Dumbbell Row","prescribed;strength-library","prescribed","strength","Back","Bent over","adjustable-bench;dumbbells","concentric_eccentric","Existing restrictions remain authoritative","external_reference","generated","/assets/exercises/prescribed/supported-db-row.png","Normalized 640 × 960 PNG visually inspected: exact title, panel labels, anatomy, equipment, uncropped composition and readability checked. Supplemental illustration only."
"seated-arnold-press","Seated Dumbbell Arnold Press","prescribed;strength-library","prescribed","strength","Shoulders","Seated","adjustable-bench;dumbbells","concentric_eccentric","Existing restrictions remain authoritative","external_reference","generated","/assets/exercises/prescribed/seated-arnold-press.png","Normalized 640 × 960 PNG visually inspected: exact title, panel labels, anatomy, equipment, uncropped composition and readability checked. Supplemental illustration only."
"db-curl","Dumbbell Biceps Curl","prescribed;strength-library","prescribed","strength","Arms","Standing","dumbbells","concentric_eccentric","Existing restrictions remain authoritative","external_reference","generated","/assets/exercises/prescribed/db-curl.png","Normalized 640 × 960 PNG visually inspected: exact title, panel labels, anatomy, equipment, uncropped composition and readability checked. Supplemental illustration only."
"db-lateral-raise","Dumbbell Lateral Raise","prescribed;strength-library","prescribed","strength","Shoulders","Standing","dumbbells","concentric_eccentric","Existing restrictions remain authoritative","external_reference","generated","/assets/exercises/prescribed/db-lateral-raise.png","Normalized 640 × 960 PNG visually inspected: exact title, panel labels, anatomy, equipment, uncropped composition and readability checked. Supplemental illustration only."
"seated-db-triceps","Seated Dumbbell Triceps Extension","prescribed;strength-library","prescribed","strength","Arms","Seated","adjustable-bench;dumbbells","concentric_eccentric","Existing restrictions remain authoritative","external_reference","generated","/assets/exercises/prescribed/seated-db-triceps.png","Normalized 640 × 960 PNG visually inspected: exact title, panel labels, anatomy, equipment, uncropped composition and readability checked. Supplemental illustration only."
"barbell-curl","Olympic Barbell Biceps Curl","prescribed;strength-library","prescribed","strength","Arms","Standing","olympic-barbell;weight-plates","concentric_eccentric","Existing restrictions remain authoritative","external_reference","generated","/assets/exercises/prescribed/barbell-curl.png","Normalized 640 × 960 PNG visually inspected: exact title, panel labels, anatomy, equipment, uncropped composition and readability checked. Supplemental illustration only."
"bilateral-calf","Bilateral Standing Calf Raise","prescribed;strength-library","prescribed","strength","Calf & ankle","Standing","","concentric_eccentric","Existing restrictions remain authoritative","external_reference","generated","/assets/exercises/prescribed/bilateral-calf.png","Normalized 640 × 960 PNG visually inspected: exact title, panel labels, anatomy, equipment, uncropped composition and readability checked. Supplemental illustration only."
"seated-calf","Loaded Seated Calf Raise","prescribed;strength-library","prescribed","strength","Calf & ankle","Seated","adjustable-bench;dumbbells","concentric_eccentric","Existing restrictions remain authoritative","external_reference","generated","/assets/exercises/prescribed/seated-calf.png","Normalized 640 × 960 PNG visually inspected: exact title, panel labels, anatomy, equipment, uncropped composition and readability checked. Supplemental illustration only."
"single-calf","Single-Leg Calf Raise","prescribed;strength-library","prescribed","strength","Calf & ankle","Standing","","concentric_eccentric","Existing restrictions remain authoritative","external_reference","generated","/assets/exercises/prescribed/single-calf.png","Normalized 640 × 960 PNG visually inspected: exact title, panel labels, anatomy, equipment, uncropped composition and readability checked. Supplemental illustration only."
"belt-squat","Belt Squat","prescribed;strength-library","prescribed","strength","Legs","Standing","belt-squat","concentric_eccentric","Existing restrictions remain authoritative","external_reference","generated","/assets/exercises/prescribed/belt-squat.png","Final batch: individually generated with the built-in image tool and visually reviewed for title, anatomy, distinct phases and equipment continuity. Existing setup, restrictions and Short Demo remain authoritative. Simplified rack-mounted lever illustration, not a manufacturer assembly diagram; retain the Mammoth setup instructions."
"dumbbell-romanian-deadlift","Dumbbell Romanian Deadlift","prescribed;strength-library","prescribed","strength","Legs","Standing","dumbbells","concentric_eccentric","Existing restrictions remain authoritative","external_reference","generated","/assets/exercises/prescribed/dumbbell-romanian-deadlift.png","Normalized 640 × 960 PNG visually inspected: exact title, panel labels, anatomy, equipment, uncropped composition and readability checked. Supplemental illustration only."
"bench-step-up","Step-Up","prescribed;strength-library","prescribed","strength","Legs","Standing","adjustable-bench","concentric_eccentric","Existing restrictions remain authoritative","external_reference","generated","/assets/exercises/prescribed/bench-step-up.png","Final batch: individually generated with the built-in image tool and visually reviewed for title, anatomy, distinct phases and equipment continuity. Existing setup, restrictions and Short Demo remain authoritative."
"bridge","Bridge / Hip Thrust","prescribed;strength-library","prescribed","strength","Legs","Supine","","concentric_eccentric","Existing restrictions remain authoritative","external_reference","generated","/assets/exercises/prescribed/bridge.png","Final batch: individually generated with the built-in image tool and visually reviewed for title, anatomy, distinct phases and equipment continuity. Existing setup, restrictions and Short Demo remain authoritative."
"cable-pallof-press","Standing Cable Pallof Press","prescribed;strength-library","prescribed","strength","Core","Standing","cable-station","start_end","Existing restrictions remain authoritative","external_reference","generated","/assets/exercises/prescribed/cable-pallof-press.png","Final batch: individually generated with the built-in image tool and visually reviewed for title, anatomy, distinct phases and equipment continuity. Existing setup, restrictions and Short Demo remain authoritative."
"single-balance","Single-Leg Balance","prescribed;strength-library","prescribed","strength","Balance","Standing","","setup_hold","Existing restrictions remain authoritative","external_reference","generated","/assets/exercises/prescribed/single-balance.png","Normalized 640 × 960 PNG visually inspected: exact title, panel labels, anatomy, equipment, uncropped composition and readability checked. Supplemental illustration only."
"weighted-wagon-backward-drag","Weighted Wagon Backward Drag","prescribed;strength-library","prescribed","strength","Legs","Standing","weighted-wagon","start_end","Existing restrictions remain authoritative","external_reference","generated","/assets/exercises/prescribed/weighted-wagon-backward-drag.png","Final batch: individually generated with the built-in image tool and visually reviewed for title, anatomy, distinct phases and equipment continuity. Existing setup, restrictions and Short Demo remain authoritative."
"band-hamstring","Prone Band Hamstring Curl","prescribed;strength-library","prescribed","strength","Legs","Prone","rehab-bands","concentric_eccentric","Existing restrictions remain authoritative","external_reference","generated","/assets/exercises/prescribed/band-hamstring.png","Final batch: individually generated with the built-in image tool and visually reviewed for title, anatomy, distinct phases and equipment continuity. Existing setup, restrictions and Short Demo remain authoritative."
"pull-up","Pull-Up","prescribed;strength-library","prescribed","strength","Back","Hanging","pull-up-bar","concentric_eccentric","Existing restrictions remain authoritative","external_reference","generated","/assets/exercises/prescribed/pull-up.png","Normalized 640 × 960 PNG visually inspected: exact title, panel labels, anatomy, equipment, uncropped composition and readability checked. Supplemental illustration only."
"db-bench","Incline Dumbbell Press","prescribed;strength-library","prescribed","strength","Chest","Incline bench","adjustable-bench;dumbbells","concentric_eccentric","Existing restrictions remain authoritative","external_reference","generated","/assets/exercises/prescribed/db-bench.png","Normalized 640 × 960 PNG visually inspected: exact title, panel labels, anatomy, equipment, uncropped composition and readability checked. Supplemental illustration only."
"knee-to-wall","Knee-to-Wall Mobility","prescribed;strength-library","prescribed","strength","Calf & ankle","Standing","","start_end","Existing restrictions remain authoritative","external_reference","generated","/assets/exercises/prescribed/knee-to-wall.png","Normalized 640 × 960 PNG visually inspected: exact title, panel labels, anatomy, equipment, uncropped composition and readability checked. Supplemental illustration only."
"library-lat-pulldown","Lat pulldown","strength-library","strength-library","Back","Back","Seated","cable-station;adjustable-bench","start_end","Existing restrictions remain authoritative","external_reference","generated","/assets/exercises/strength-library/library-lat-pulldown.png","Visually reviewed start and finish: continuous cable, stable seat, thigh restraint, front-of-head bar path, complete anatomy and readable labels. Generic apparatus; follow the B52 manufacturer-approved setup. Supplemental illustration only."
"calf-assisted","Front-foot-supported calf raise","strength-library","strength-library","Calf & ankle","Calf & ankle","Standing","adjustable-bench","start_end","Existing restrictions remain authoritative","external_reference","generated","/assets/exercises/strength-library/calf-assisted.png","Individual generated artwork inspected for title, panels, working limb, heel position, support, anatomy and equipment. Supplemental illustration; existing setup and demos remain authoritative."
"calf-dumbbell-single","Dumbbell-loaded single-leg calf raise","strength-library","strength-library","Calf & ankle","Calf & ankle","Standing","dumbbells","start_end","Existing restrictions remain authoritative","external_reference","generated","/assets/exercises/strength-library/calf-dumbbell-single.png","Individual generated artwork inspected for title, panels, working limb, heel position, support, anatomy and equipment. Supplemental illustration; existing setup and demos remain authoritative."
"calf-smith","Smith standing calf raise","strength-library","strength-library","Calf & ankle","Calf & ankle","Standing","smith-machine","start_end","Existing restrictions remain authoritative","external_reference","generated","/assets/exercises/strength-library/calf-smith.png","Individual generated artwork inspected for title, panels, working limb, heel position, support, anatomy and equipment. Supplemental illustration; existing setup and demos remain authoritative."
"calf-seated-single","Single-leg seated calf raise","strength-library","strength-library","Calf & ankle","Calf & ankle","Seated","adjustable-bench;dumbbells","start_end","Existing restrictions remain authoritative","external_reference","generated","/assets/exercises/strength-library/calf-seated-single.png","Individual generated artwork inspected for title, panels, working limb, heel position, support, anatomy and equipment. Supplemental illustration; existing setup and demos remain authoritative."
"calf-bent-standing","Bilateral bent-knee calf raise","strength-library","strength-library","Calf & ankle","Calf & ankle","Standing","","start_end","Existing restrictions remain authoritative","external_reference","generated","/assets/exercises/strength-library/calf-bent-standing.png","Individual generated artwork inspected for title, panels, working limb, heel position, support, anatomy and equipment. Supplemental illustration; existing setup and demos remain authoritative."
"calf-isometric-single","Single-leg calf isometric hold","strength-library","strength-library","Calf & ankle","Calf & ankle","Standing","","setup_hold","Existing restrictions remain authoritative","external_reference","generated","/assets/exercises/strength-library/calf-isometric-single.png","Individual generated artwork inspected for title, panels, working limb, heel position, support, anatomy and equipment. Supplemental illustration; existing setup and demos remain authoritative."
"library-seated-unilateral-cable-hamstring-curl","Seated unilateral cable hamstring curl","strength-library","strength-library","Legs","Hamstrings","Seated","cable-station;adjustable-bench","concentric_eccentric","Existing restrictions remain authoritative","external_reference","generated","/assets/exercises/strength-library/library-seated-unilateral-cable-hamstring-curl.png","Normalized 640 × 960 PNG visually inspected: exact title, phase labels, anatomy, equipment, uncropped composition and readability checked. Supplemental illustration only."
"library-straight-bar-cable-triceps-extension","Straight-bar cable triceps extension","strength-library","strength-library","Arms","Arms","Standing","cable-station","concentric_eccentric","Existing restrictions remain authoritative","external_reference","generated","/assets/exercises/strength-library/library-straight-bar-cable-triceps-extension.png","Normalized 640 × 960 PNG visually inspected: exact title, panel labels, anatomy, equipment, uncropped composition and readability checked. Supplemental illustration only."
"library-rope-cable-triceps-extension","Rope cable triceps extension","strength-library","strength-library","Arms","Arms","Standing","cable-station","concentric_eccentric","Existing restrictions remain authoritative","external_reference","generated","/assets/exercises/strength-library/library-rope-cable-triceps-extension.png","Normalized 640 × 960 PNG visually inspected: exact title, phase labels, anatomy, equipment, uncropped composition and readability checked. Supplemental illustration only."
"library-cable-biceps-curl","Cable biceps curl","strength-library","strength-library","Arms","Arms","Standing","cable-station","concentric_eccentric","Existing restrictions remain authoritative","external_reference","generated","/assets/exercises/strength-library/library-cable-biceps-curl.png","Normalized 640 × 960 PNG visually inspected: exact title, phase labels, anatomy, equipment, uncropped composition and readability checked. Supplemental illustration only."
"library-overhead-rope-cable-triceps-extension","Overhead rope cable triceps extension","strength-library","strength-library","Arms","Arms","Standing","cable-station","concentric_eccentric","Existing restrictions remain authoritative","external_reference","generated","/assets/exercises/strength-library/library-overhead-rope-cable-triceps-extension.png","Final batch: individually generated with the built-in image tool and visually reviewed for title, anatomy, distinct phases and equipment continuity. Existing setup, restrictions and Short Demo remain authoritative."
"library-cable-face-pull","Cable face pull","strength-library","strength-library","Shoulders","Back","Standing","cable-station","concentric_eccentric","Existing restrictions remain authoritative","external_reference","generated","/assets/exercises/strength-library/library-cable-face-pull.png","Final batch: individually generated with the built-in image tool and visually reviewed for title, anatomy, distinct phases and equipment continuity. Existing setup, restrictions and Short Demo remain authoritative."
"library-cable-reverse-fly","Cable reverse fly","strength-library","strength-library","Shoulders","Back","Standing","cable-station","concentric_eccentric","Existing restrictions remain authoritative","external_reference","generated","/assets/exercises/strength-library/library-cable-reverse-fly.png","Final batch: individually generated with the built-in image tool and visually reviewed for title, anatomy, distinct phases and equipment continuity. Existing setup, restrictions and Short Demo remain authoritative."
"library-two-arm-cable-lateral-raise","Two-arm cable lateral raise","strength-library","strength-library","Shoulders","Shoulders","Standing","cable-station","concentric_eccentric","Existing restrictions remain authoritative","external_reference","generated","/assets/exercises/strength-library/library-two-arm-cable-lateral-raise.png","Final batch: individually generated with the built-in image tool and visually reviewed for title, anatomy, distinct phases and equipment continuity. Existing setup, restrictions and Short Demo remain authoritative."
"library-cable-external-rotation","Cable external rotation","strength-library","strength-library","Shoulders","Shoulders","Standing","cable-station","concentric_eccentric","Existing restrictions remain authoritative","external_reference","generated","/assets/exercises/strength-library/library-cable-external-rotation.png","Final batch: individually generated with the built-in image tool and visually reviewed for title, anatomy, distinct phases and equipment continuity. Existing setup, restrictions and Short Demo remain authoritative."
"library-standing-cable-fly","Standing cable fly","strength-library","strength-library","Chest","Chest","Standing","cable-station","concentric_eccentric","Existing restrictions remain authoritative","external_reference","generated","/assets/exercises/strength-library/library-standing-cable-fly.png","Final batch: individually generated with the built-in image tool and visually reviewed for title, anatomy, distinct phases and equipment continuity. Existing setup, restrictions and Short Demo remain authoritative."
"library-straight-arm-cable-pulldown","Straight-arm cable pulldown","strength-library","strength-library","Back","Back","Standing","cable-station","concentric_eccentric","Existing restrictions remain authoritative","external_reference","generated","/assets/exercises/strength-library/library-straight-arm-cable-pulldown.png","Final 640 × 960 PNG visually inspected: title, two panels, anatomy, equipment and movement checked. Dead-bug opposite-limb correction reviewed where applicable."
"library-kneeling-cable-crunch","Kneeling cable crunch","strength-library","strength-library","Core","Core","Kneeling","cable-station","concentric_eccentric","Existing restrictions remain authoritative","external_reference","generated","/assets/exercises/strength-library/library-kneeling-cable-crunch.png","Final batch: individually generated with the built-in image tool and visually reviewed for title, anatomy, distinct phases and equipment continuity. Existing setup, restrictions and Short Demo remain authoritative."
"library-cable-wood-chop","Cable wood chop","strength-library","strength-library","Core","Core","Standing","cable-station","concentric_eccentric","Existing restrictions remain authoritative","external_reference","generated","/assets/exercises/strength-library/library-cable-wood-chop.png","Final batch: individually generated with the built-in image tool and visually reviewed for title, anatomy, distinct phases and equipment continuity. Existing setup, restrictions and Short Demo remain authoritative."
"library-standing-cable-hamstring-curl","Standing cable hamstring curl","strength-library","strength-library","Legs","Legs","Standing","cable-station","concentric_eccentric","Existing restrictions remain authoritative","external_reference","generated","/assets/exercises/strength-library/library-standing-cable-hamstring-curl.png","Final batch: individually generated with the built-in image tool and visually reviewed for title, anatomy, distinct phases and equipment continuity. Existing setup, restrictions and Short Demo remain authoritative."
"library-cable-hip-abduction","Cable hip abduction","strength-library","strength-library","Legs","Legs","Standing","cable-station","concentric_eccentric","Existing restrictions remain authoritative","external_reference","generated","/assets/exercises/strength-library/library-cable-hip-abduction.png","Final batch: individually generated with the built-in image tool and visually reviewed for title, anatomy, distinct phases and equipment continuity. Existing setup, restrictions and Short Demo remain authoritative."
"library-flat-dumbbell-bench-press","Flat dumbbell bench press","strength-library","strength-library","Chest","Chest","Seated / bench-supported","dumbbells;adjustable-bench","concentric_eccentric","Existing restrictions remain authoritative","external_reference","generated","/assets/exercises/strength-library/library-flat-dumbbell-bench-press.png","Normalized 640 × 960 PNG visually inspected: exact title, panel labels, anatomy, equipment, uncropped composition and readability checked. Supplemental illustration only."
"library-dumbbell-fly","Dumbbell fly","strength-library","strength-library","Chest","Chest","Supine","dumbbells;adjustable-bench","concentric_eccentric","Existing restrictions remain authoritative","external_reference","generated","/assets/exercises/strength-library/library-dumbbell-fly.png","Final batch: individually generated with the built-in image tool and visually reviewed for title, anatomy, distinct phases and equipment continuity. Existing setup, restrictions and Short Demo remain authoritative."
"library-close-grip-dumbbell-press","Close-grip dumbbell press","strength-library","strength-library","Chest","Chest","Supine","dumbbells;adjustable-bench","concentric_eccentric","Existing restrictions remain authoritative","external_reference","generated","/assets/exercises/strength-library/library-close-grip-dumbbell-press.png","Final batch: individually generated with the built-in image tool and visually reviewed for title, anatomy, distinct phases and equipment continuity. Existing setup, restrictions and Short Demo remain authoritative."
"library-dumbbell-floor-press","Dumbbell floor press","strength-library","strength-library","Chest","Chest","Floor","dumbbells","concentric_eccentric","Existing restrictions remain authoritative","external_reference","generated","/assets/exercises/strength-library/library-dumbbell-floor-press.png","Normalized 640 × 960 PNG visually inspected: exact title, panel labels, anatomy, equipment, uncropped composition and readability checked. Supplemental illustration only."
"library-dumbbell-pullover","Dumbbell pullover","strength-library","strength-library","Chest","Chest","Supine","dumbbells;adjustable-bench","concentric_eccentric","Existing restrictions remain authoritative","external_reference","generated","/assets/exercises/strength-library/library-dumbbell-pullover.png","Final batch: individually generated with the built-in image tool and visually reviewed for title, anatomy, distinct phases and equipment continuity. Existing setup, restrictions and Short Demo remain authoritative."
"library-bent-over-dumbbell-row","Bent-over dumbbell row","strength-library","strength-library","Back","Back","Standing","dumbbells","concentric_eccentric","Existing restrictions remain authoritative","external_reference","generated","/assets/exercises/strength-library/library-bent-over-dumbbell-row.png","Normalized 640 × 960 PNG visually inspected: exact title, panel labels, anatomy, equipment, uncropped composition and readability checked. Supplemental illustration only."
"library-chest-supported-dumbbell-row","Chest-supported dumbbell row","strength-library","strength-library","Back","Back","Bench-supported","dumbbells;adjustable-bench","concentric_eccentric","Existing restrictions remain authoritative","external_reference","generated","/assets/exercises/strength-library/library-chest-supported-dumbbell-row.png","Normalized 640 × 960 PNG visually inspected: exact title, panel labels, anatomy, equipment, uncropped composition and readability checked. Supplemental illustration only."
"library-dumbbell-shrug","Dumbbell shrug","strength-library","strength-library","Back","Back","Standing","dumbbells","concentric_eccentric","Existing restrictions remain authoritative","external_reference","generated","/assets/exercises/strength-library/library-dumbbell-shrug.png","Normalized 640 × 960 PNG visually inspected: exact title, panel labels, anatomy, equipment, uncropped composition and readability checked. Supplemental illustration only."
"library-bent-over-dumbbell-reverse-fly","Bent-over dumbbell reverse fly","strength-library","strength-library","Shoulders","Shoulders","Standing hip hinge","dumbbells","concentric_eccentric","Existing restrictions remain authoritative","external_reference","generated","/assets/exercises/strength-library/library-bent-over-dumbbell-reverse-fly.png","Final 640 × 960 PNG individually visually inspected for exact exercise title, anatomy, equipment, movement phases, margins and legibility. Supplemental illustration; existing demo and prescription remain authoritative."
"library-seated-dumbbell-shoulder-press","Seated dumbbell shoulder press","strength-library","strength-library","Shoulders","Shoulders","Seated / bench-supported","dumbbells;adjustable-bench","concentric_eccentric","Existing restrictions remain authoritative","external_reference","generated","/assets/exercises/strength-library/library-seated-dumbbell-shoulder-press.png","Normalized 640 × 960 PNG visually inspected: exact title, panel labels, anatomy, equipment, uncropped composition and readability checked. Supplemental illustration only."
"library-standing-dumbbell-shoulder-press","Standing dumbbell shoulder press","strength-library","strength-library","Shoulders","Shoulders","Standing","dumbbells","concentric_eccentric","Existing restrictions remain authoritative","external_reference","generated","/assets/exercises/strength-library/library-standing-dumbbell-shoulder-press.png","Normalized 640 × 960 PNG visually inspected: exact title, panel labels, anatomy, equipment, uncropped composition and readability checked. Supplemental illustration only."
"library-seated-dumbbell-lateral-raise","Seated dumbbell lateral raise","strength-library","strength-library","Shoulders","Shoulders","Bench-supported","dumbbells;adjustable-bench","concentric_eccentric","Existing restrictions remain authoritative","external_reference","generated","/assets/exercises/strength-library/library-seated-dumbbell-lateral-raise.png","Normalized 640 × 960 PNG visually inspected: exact title, panel labels, anatomy, equipment, uncropped composition and readability checked. Supplemental illustration only."
"library-incline-dumbbell-curl","Incline dumbbell curl","strength-library","strength-library","Arms","Arms","Bench-supported","dumbbells;adjustable-bench","concentric_eccentric","Existing restrictions remain authoritative","external_reference","generated","/assets/exercises/strength-library/library-incline-dumbbell-curl.png","Normalized 640 × 960 PNG visually inspected: exact title, panel labels, anatomy, equipment, uncropped composition and readability checked. Supplemental illustration only."
"library-standing-hammer-curl","Standing hammer curl","strength-library","strength-library","Arms","Arms","Standing","dumbbells","concentric_eccentric","Existing restrictions remain authoritative","external_reference","generated","/assets/exercises/strength-library/library-standing-hammer-curl.png","Normalized 640 × 960 PNG visually inspected: exact title, panel labels, anatomy, equipment, uncropped composition and readability checked. Supplemental illustration only."
"library-lying-dumbbell-triceps-extension","Lying dumbbell triceps extension","strength-library","strength-library","Arms","Arms","Supine","dumbbells;adjustable-bench","concentric_eccentric","Existing restrictions remain authoritative","external_reference","generated","/assets/exercises/strength-library/library-lying-dumbbell-triceps-extension.png","Final batch: individually generated with the built-in image tool and visually reviewed for title, anatomy, distinct phases and equipment continuity. Existing setup, restrictions and Short Demo remain authoritative."
"library-bent-over-dumbbell-triceps-kickback","Bent-over dumbbell triceps kickback","strength-library","strength-library","Arms","Arms","Standing hip hinge","dumbbells","concentric_eccentric","Existing restrictions remain authoritative","external_reference","generated","/assets/exercises/strength-library/library-bent-over-dumbbell-triceps-kickback.png","Normalized 640 × 960 PNG visually inspected for exact title, phase labels, anatomy, equipment, composition and enlarged readability. Representation follows the user-approved diverse fictional model brief; supplemental illustration only."
"library-dumbbell-goblet-squat","Dumbbell goblet squat","strength-library","strength-library","Legs","Legs","Standing","dumbbells","concentric_eccentric","Existing restrictions remain authoritative","external_reference","generated","/assets/exercises/strength-library/library-dumbbell-goblet-squat.png","Normalized 640 × 960 PNG visually inspected for exact title, phase labels, anatomy, equipment, composition and enlarged readability. Representation follows the user-approved diverse fictional model brief; supplemental illustration only."
"library-dumbbell-squat","Dumbbell squat","strength-library","strength-library","Legs","Legs","Standing","dumbbells","concentric_eccentric","Existing restrictions remain authoritative","external_reference","generated","/assets/exercises/strength-library/library-dumbbell-squat.png","Normalized 640 × 960 PNG visually inspected for exact title, phase labels, anatomy, equipment, composition and enlarged readability. Representation follows the user-approved diverse fictional model brief; supplemental illustration only."
"library-dumbbell-reverse-lunge","Dumbbell reverse lunge","strength-library","strength-library","Legs","Legs","Standing","dumbbells","concentric_eccentric","Existing restrictions remain authoritative","external_reference","generated","/assets/exercises/strength-library/library-dumbbell-reverse-lunge.png","Final batch: individually generated with the built-in image tool and visually reviewed for title, anatomy, distinct phases and equipment continuity. Existing setup, restrictions and Short Demo remain authoritative."
"library-dumbbell-bulgarian-split-squat","Dumbbell Bulgarian split squat","strength-library","strength-library","Legs","Legs","Standing","dumbbells;adjustable-bench","concentric_eccentric","Existing restrictions remain authoritative","external_reference","generated","/assets/exercises/strength-library/library-dumbbell-bulgarian-split-squat.png","Final batch: individually generated with the built-in image tool and visually reviewed for title, anatomy, distinct phases and equipment continuity. Existing setup, restrictions and Short Demo remain authoritative."
"library-smith-incline-bench-press","Smith incline bench press","strength-library","strength-library","Chest","Chest","Seated incline","smith-machine;adjustable-bench","concentric_eccentric","Existing restrictions remain authoritative","external_reference","generated","/assets/exercises/strength-library/library-smith-incline-bench-press.png","Final batch: individually generated with the built-in image tool and visually reviewed for title, anatomy, distinct phases and equipment continuity. Existing setup, restrictions and Short Demo remain authoritative."
"library-smith-seated-shoulder-press","Smith seated shoulder press","strength-library","strength-library","Shoulders","Shoulders","Seated","smith-machine;adjustable-bench","concentric_eccentric","Existing restrictions remain authoritative","external_reference","generated","/assets/exercises/strength-library/library-smith-seated-shoulder-press.png","Final batch: individually generated with the built-in image tool and visually reviewed for title, anatomy, distinct phases and equipment continuity. Existing setup, restrictions and Short Demo remain authoritative."
"library-smith-bent-over-row","Smith bent-over row","strength-library","strength-library","Back","Back","Standing hinge","smith-machine","concentric_eccentric","Existing restrictions remain authoritative","external_reference","generated","/assets/exercises/strength-library/library-smith-bent-over-row.png","Final batch: individually generated with the built-in image tool and visually reviewed for title, anatomy, distinct phases and equipment continuity. Existing setup, restrictions and Short Demo remain authoritative."
"library-smith-shrug","Smith shrug","strength-library","strength-library","Back","Back","Standing","smith-machine","concentric_eccentric","Existing restrictions remain authoritative","external_reference","generated","/assets/exercises/strength-library/library-smith-shrug.png","Final 640 × 960 PNG visually inspected: title, phase labels, anatomy, equipment and distinct movement positions reviewed."
"library-smith-wide-stance-squat","Smith wide-stance squat","strength-library","strength-library","Legs","Legs","Standing","smith-machine","concentric_eccentric","Existing restrictions remain authoritative","external_reference","generated","/assets/exercises/strength-library/library-smith-wide-stance-squat.png","Final batch: individually generated with the built-in image tool and visually reviewed for title, anatomy, distinct phases and equipment continuity. Existing setup, restrictions and Short Demo remain authoritative."
"library-smith-deadlift","Smith deadlift","strength-library","strength-library","Legs","Legs","Standing","smith-machine","concentric_eccentric","Existing restrictions remain authoritative","external_reference","generated","/assets/exercises/strength-library/library-smith-deadlift.png","Final batch: individually generated with the built-in image tool and visually reviewed for title, anatomy, distinct phases and equipment continuity. Existing setup, restrictions and Short Demo remain authoritative."
"library-barbell-bent-over-row","Barbell bent-over row","strength-library","strength-library","Back","Back","Standing hip hinge","olympic-barbell;weight-plates","concentric_eccentric","Existing restrictions remain authoritative","external_reference","generated","/assets/exercises/strength-library/library-barbell-bent-over-row.png","Normalized 640 × 960 PNG visually inspected: exact title, phase labels, anatomy, equipment, uncropped composition and readability checked. Supplemental illustration only."
"library-barbell-shrug","Barbell shrug","strength-library","strength-library","Back","Upper back","Standing","olympic-barbell;weight-plates","concentric_eccentric","Existing restrictions remain authoritative","external_reference","generated","/assets/exercises/strength-library/library-barbell-shrug.png","Normalized 640 × 960 PNG visually inspected for exact title, phase labels, anatomy, equipment, composition and enlarged readability. Representation follows the user-approved diverse fictional model brief; supplemental illustration only."
"library-barbell-deadlift","Barbell deadlift","strength-library","strength-library","Legs","Legs","Standing","olympic-barbell;weight-plates","concentric_eccentric","Existing restrictions remain authoritative","external_reference","generated","/assets/exercises/strength-library/library-barbell-deadlift.png","Final batch: individually generated with the built-in image tool and visually reviewed for title, anatomy, distinct phases and equipment continuity. Existing setup, restrictions and Short Demo remain authoritative."
"library-barbell-romanian-deadlift","Barbell Romanian deadlift","strength-library","strength-library","Legs","Posterior chain","Standing hip hinge","olympic-barbell;weight-plates","concentric_eccentric","Existing restrictions remain authoritative","external_reference","generated","/assets/exercises/strength-library/library-barbell-romanian-deadlift.png","Normalized 640 × 960 PNG visually inspected: exact title, phase labels, anatomy, equipment, uncropped composition and readability checked. Supplemental illustration only."
"library-barbell-hip-thrust","Barbell hip thrust","strength-library","strength-library","Legs","Legs","Supine incline","olympic-barbell;adjustable-bench;weight-plates","concentric_eccentric","Existing restrictions remain authoritative","external_reference","generated","/assets/exercises/strength-library/library-barbell-hip-thrust.png","Final batch: individually generated with the built-in image tool and visually reviewed for title, anatomy, distinct phases and equipment continuity. Existing setup, restrictions and Short Demo remain authoritative."
"library-barbell-glute-bridge","Barbell glute bridge","strength-library","strength-library","Legs","Legs","Supine","olympic-barbell;weight-plates","concentric_eccentric","Existing restrictions remain authoritative","external_reference","generated","/assets/exercises/strength-library/library-barbell-glute-bridge.png","Final 640 × 960 PNG visually inspected: title, phase labels, anatomy, equipment and distinct movement positions reviewed."
"library-trap-bar-deadlift","Trap-bar deadlift","strength-library","strength-library","Legs","Legs","Standing","trap-hex-bar;weight-plates","concentric_eccentric","Existing restrictions remain authoritative","external_reference","generated","/assets/exercises/strength-library/library-trap-bar-deadlift.png","Final batch: individually generated with the built-in image tool and visually reviewed for title, anatomy, distinct phases and equipment continuity. Existing setup, restrictions and Short Demo remain authoritative."
"library-stability-ball-hamstring-curl","Stability-ball hamstring curl","strength-library","strength-library","Legs","Legs","Supine","plyo-ball","concentric_eccentric","Existing restrictions remain authoritative","external_reference","generated","/assets/exercises/strength-library/library-stability-ball-hamstring-curl.png","Final batch: individually generated with the built-in image tool and visually reviewed for title, anatomy, distinct phases and equipment continuity. Existing setup, restrictions and Short Demo remain authoritative."
"library-stability-ball-wall-squat","Stability-ball wall squat","strength-library","strength-library","Legs","Legs","Standing","plyo-ball","concentric_eccentric","Existing restrictions remain authoritative","external_reference","generated","/assets/exercises/strength-library/library-stability-ball-wall-squat.png","Final 640 × 960 PNG individually visually inspected for exact exercise title, anatomy, equipment, movement phases, margins and legibility. Supplemental illustration; existing demo and prescription remain authoritative."
"library-stability-ball-crunch","Stability-ball crunch","strength-library","strength-library","Core","Core","Supine","plyo-ball","concentric_eccentric","Existing restrictions remain authoritative","external_reference","generated","/assets/exercises/strength-library/library-stability-ball-crunch.png","Final batch: individually generated with the built-in image tool and visually reviewed for title, anatomy, distinct phases and equipment continuity. Existing setup, restrictions and Short Demo remain authoritative."
"library-stability-ball-stir-the-pot","Stability-ball stir the pot","strength-library","strength-library","Core","Core","Prone support","plyo-ball","start_end","Existing restrictions remain authoritative","external_reference","generated","/assets/exercises/strength-library/library-stability-ball-stir-the-pot.png","Final batch: individually generated with the built-in image tool and visually reviewed for title, anatomy, distinct phases and equipment continuity. Existing setup, restrictions and Short Demo remain authoritative."
"library-stability-ball-plank","Stability-ball plank","strength-library","strength-library","Core","Core","Prone support","plyo-ball","setup_hold","Existing restrictions remain authoritative","external_reference","generated","/assets/exercises/strength-library/library-stability-ball-plank.png","Final 640 × 960 PNG visually inspected: title, two panels, anatomy, equipment and movement checked. Dead-bug opposite-limb correction reviewed where applicable."
"library-stability-ball-dead-bug","Stability-ball dead bug","strength-library","strength-library","Core","Core","Supine","plyo-ball","start_end","Existing restrictions remain authoritative","external_reference","generated","/assets/exercises/strength-library/library-stability-ball-dead-bug.png","Final batch: individually generated with the built-in image tool and visually reviewed for title, anatomy, distinct phases and equipment continuity. Existing setup, restrictions and Short Demo remain authoritative."
"library-chest-dip","Chest dip","strength-library","strength-library","Chest","Chest","Supported upright","dip-bars","concentric_eccentric","Existing restrictions remain authoritative","external_reference","generated","/assets/exercises/strength-library/library-chest-dip.png","Final batch: individually generated with the built-in image tool and visually reviewed for title, anatomy, distinct phases and equipment continuity. Existing setup, restrictions and Short Demo remain authoritative."
"library-lying-floor-leg-raise","Lying floor leg raise","strength-library","strength-library","Core","Core","Supine","","concentric_eccentric","Existing restrictions remain authoritative","external_reference","generated","/assets/exercises/strength-library/library-lying-floor-leg-raise.png","Final 640 × 960 PNG individually visually inspected for exact exercise title, anatomy, equipment, movement phases, margins and legibility. Supplemental illustration; existing demo and prescription remain authoritative."
"library-superman","Superman","strength-library","strength-library","Core","Back","Prone","","concentric_eccentric","Existing restrictions remain authoritative","external_reference","generated","/assets/exercises/strength-library/library-superman.png","Final 640 × 960 PNG visually inspected: title, two panels, anatomy, equipment and movement checked. Dead-bug opposite-limb correction reviewed where applicable."
"library-side-plank","Side plank","strength-library","strength-library","Core","Core","Side lying","","setup_hold","Existing restrictions remain authoritative","external_reference","generated","/assets/exercises/strength-library/library-side-plank.png","Final 640 × 960 PNG individually visually inspected for exact exercise title, anatomy, equipment, movement phases, margins and legibility. Supplemental illustration; existing demo and prescription remain authoritative."
"library-dead-bug","Dead bug","strength-library","strength-library","Core","Core","Supine","","start_end","Existing restrictions remain authoritative","external_reference","generated","/assets/exercises/strength-library/library-dead-bug.png","Final 640 × 960 PNG visually inspected: title, two panels, anatomy, equipment and movement checked. Dead-bug opposite-limb correction reviewed where applicable."
"library-band-pull-apart","Band pull-apart","strength-library","strength-library","Shoulders","Shoulders","Standing","rehab-bands","concentric_eccentric","Existing restrictions remain authoritative","external_reference","generated","/assets/exercises/strength-library/library-band-pull-apart.png","Final 640 × 960 PNG individually visually inspected for exact exercise title, anatomy, equipment, movement phases, margins and legibility. Supplemental illustration; existing demo and prescription remain authoritative."
"library-seated-band-ankle-eversion","Seated band ankle eversion","strength-library","strength-library","Calf & ankle","Ankle","Seated","rehab-bands","concentric_eccentric","Existing restrictions remain authoritative","external_reference","generated","/assets/exercises/strength-library/library-seated-band-ankle-eversion.png","Final batch: individually generated with the built-in image tool and visually reviewed for title, anatomy, distinct phases and equipment continuity. Existing setup, restrictions and Short Demo remain authoritative."
"library-seated-band-ankle-inversion","Seated band ankle inversion","strength-library","strength-library","Calf & ankle","Ankle","Seated","rehab-bands","concentric_eccentric","Existing restrictions remain authoritative","external_reference","generated","/assets/exercises/strength-library/library-seated-band-ankle-inversion.png","Final batch: individually generated with the built-in image tool and visually reviewed for title, anatomy, distinct phases and equipment continuity. Existing setup, restrictions and Short Demo remain authoritative."
"library-seated-band-knee-extension","Seated band knee extension","strength-library","strength-library","Legs","Legs","Seated","rehab-bands","concentric_eccentric","Existing restrictions remain authoritative","external_reference","generated","/assets/exercises/strength-library/library-seated-band-knee-extension.png","Final 640 × 960 PNG visually inspected: title, phase labels, anatomy, equipment and distinct movement positions reviewed."
"library-supine-band-clam","Supine band clam","strength-library","strength-library","Legs","Hips","Supine","rehab-bands","concentric_eccentric","Existing restrictions remain authoritative","external_reference","generated","/assets/exercises/strength-library/library-supine-band-clam.png","Normalized 640 × 960 PNG visually inspected for exact title, phase labels, anatomy, equipment, composition and enlarged readability. Representation follows the user-approved diverse fictional model brief; supplemental illustration only."
"library-single-leg-foam-pad-balance","Single-leg foam-pad balance","strength-library","strength-library","Balance","Balance","Standing","balance-pad","setup_hold","Existing restrictions remain authoritative","external_reference","generated","/assets/exercises/strength-library/library-single-leg-foam-pad-balance.png","Final 640 × 960 PNG visually inspected: title, two panels, anatomy, equipment and movement checked. Dead-bug opposite-limb correction reviewed where applicable."
"library-foam-pad-balance-with-head-turns","Foam-pad balance with head turns","strength-library","strength-library","Balance","Balance","Standing","balance-pad","start_end","Existing restrictions remain authoritative","external_reference","generated","/assets/exercises/strength-library/library-foam-pad-balance-with-head-turns.png","Final 640 × 960 PNG visually inspected: title, phase labels, anatomy, equipment and distinct movement positions reviewed."
"library-bosu-tall-plank","BOSU tall plank","strength-library","strength-library","Core","Core","Prone support","bosu-ball","setup_hold","Existing restrictions remain authoritative","external_reference","generated","/assets/exercises/strength-library/library-bosu-tall-plank.png","Final batch: individually generated with the built-in image tool and visually reviewed for title, anatomy, distinct phases and equipment continuity. Existing setup, restrictions and Short Demo remain authoritative."
"library-bosu-tall-plank-circles","BOSU tall-plank circles","strength-library","strength-library","Core","Core","Prone support","bosu-ball","start_end","Existing restrictions remain authoritative","external_reference","generated","/assets/exercises/strength-library/library-bosu-tall-plank-circles.png","Final batch: individually generated with the built-in image tool and visually reviewed for title, anatomy, distinct phases and equipment continuity. Existing setup, restrictions and Short Demo remain authoritative."
"library-barbell-bench-press","Barbell bench press","strength-library","strength-library","Chest","Chest","Supine","olympic-barbell;smith-machine;weight-plates;adjustable-bench","concentric_eccentric","Existing restrictions remain authoritative","external_reference","generated","/assets/exercises/strength-library/library-barbell-bench-press.png","Final batch: individually generated with the built-in image tool and visually reviewed for title, anatomy, distinct phases and equipment continuity. Existing setup, restrictions and Short Demo remain authoritative."
"library-barbell-back-squat","Barbell back squat","strength-library","strength-library","Legs","Legs","Standing","olympic-barbell;smith-machine;weight-plates","concentric_eccentric","Existing restrictions remain authoritative","external_reference","generated","/assets/exercises/strength-library/library-barbell-back-squat.png","Final batch: individually generated with the built-in image tool and visually reviewed for title, anatomy, distinct phases and equipment continuity. Existing setup, restrictions and Short Demo remain authoritative."
"library-stationary-cycling","Stationary cycling","strength-library","strength-library","Conditioning","Conditioning","Seated","exercise-bike","setup_hold","Existing restrictions remain authoritative","external_reference","generated","/assets/exercises/strength-library/library-stationary-cycling.png","Final batch: individually generated with the built-in image tool and visually reviewed for title, anatomy, distinct phases and equipment continuity. Existing setup, restrictions and Short Demo remain authoritative."
"library-treadmill-walking","Treadmill walking","strength-library","strength-library","Conditioning","Conditioning","Standing","incline-treadmill","start_end","Existing restrictions remain authoritative","external_reference","generated","/assets/exercises/strength-library/library-treadmill-walking.png","Final 640 × 960 PNG visually inspected: title, phase labels, anatomy, equipment and distinct movement positions reviewed."
"diaphragmatic-breathing-with-brace","Diaphragmatic breathing with brace","movement-library","movement-library","mobility","Whole body","Floor","","setup_hold","Existing restrictions remain authoritative","no_external_reference","generated","/assets/exercises/movement-library/diaphragmatic-breathing-with-brace.png","Normalized 640 × 960 PNG visually inspected: exact title, panel labels, anatomy, equipment, uncropped composition and readability checked. Supplemental illustration only."
"ankle-circles","Ankle circles","movement-library","movement-library","mobility","Calf & ankle","Seated","","start_end","Existing restrictions remain authoritative","no_external_reference","generated","/assets/exercises/movement-library/ankle-circles.png","Normalized 640 × 960 PNG visually inspected: exact title, panel labels, anatomy, equipment, uncropped composition and readability checked. Supplemental illustration only."
"90-90-hip-switches","90/90 hip switches","movement-library","movement-library","mobility","Hips","Seated","","start_end","Existing restrictions remain authoritative","external_reference","generated","/assets/exercises/movement-library/90-90-hip-switches.png","Final batch: individually generated with the built-in image tool and visually reviewed for title, anatomy, distinct phases and equipment continuity. Existing setup, restrictions and Short Demo remain authoritative."
"open-book-thoracic-rotation","Open-book thoracic rotation","movement-library","movement-library","mobility","Whole body","Floor","","start_end","Existing restrictions remain authoritative","external_reference","generated","/assets/exercises/movement-library/open-book-thoracic-rotation.png","Normalized 640 × 960 PNG visually inspected: exact title, panel labels, anatomy, equipment, uncropped composition and readability checked. Supplemental illustration only."
"wall-slides","Wall slides","movement-library","movement-library","mobility","Shoulders","Standing","","start_end","Existing restrictions remain authoritative","external_reference","generated","/assets/exercises/movement-library/wall-slides.png","Normalized 640 × 960 PNG visually inspected: exact title, panel labels, anatomy, equipment, uncropped composition and readability checked. Supplemental illustration only."
"seated-thoracic-extension-over-chair-back","Seated thoracic extension over chair back","movement-library","movement-library","mobility","Whole body","Seated","","setup_hold","Existing restrictions remain authoritative","no_external_reference","generated","/assets/exercises/movement-library/seated-thoracic-extension-over-chair-back.png","Normalized 640 × 960 PNG visually inspected: exact title, panel labels, anatomy, equipment, uncropped composition and readability checked. Supplemental illustration only."
"half-kneeling-hip-flexor-stretch","Half-kneeling hip-flexor stretch","movement-library","movement-library","mobility","Whole body","Kneeling","","setup_hold","Existing restrictions remain authoritative","external_reference","generated","/assets/exercises/movement-library/half-kneeling-hip-flexor-stretch.png","Normalized 640 × 960 PNG visually inspected: exact title, panel labels, anatomy, equipment, uncropped composition and readability checked. Supplemental illustration only."
"band-pull-aparts","Band pull-aparts","movement-library","movement-library","mobility","Whole body","Standing","rehab-bands","start_end","Existing restrictions remain authoritative","external_reference","generated","/assets/exercises/movement-library/band-pull-aparts.png","Normalized 640 × 960 PNG visually inspected: exact title, panel labels, anatomy, equipment, uncropped composition and readability checked. Supplemental illustration only."
"chin-tucks","Chin tucks","movement-library","movement-library","mobility","Whole body","Floor","","start_end","Existing restrictions remain authoritative","external_reference","generated","/assets/exercises/movement-library/chin-tucks.png","Normalized 640 × 960 PNG visually inspected: exact title, panel labels, anatomy, equipment, uncropped composition and readability checked. Supplemental illustration only."
"knee-to-wall-dorsiflexion-mobility","Knee-to-wall dorsiflexion mobility","movement-library","movement-library","mobility","Ankle","Standing","","start_end","Existing restrictions remain authoritative","external_reference","generated","/assets/exercises/movement-library/knee-to-wall-dorsiflexion-mobility.png","Final batch: individually generated with the built-in image tool and visually reviewed for title, anatomy, distinct phases and equipment continuity. Existing setup, restrictions and Short Demo remain authoritative."
"adductor-rock-back","Adductor rock-back","movement-library","movement-library","mobility","Whole body","Quadruped","","start_end","Existing restrictions remain authoritative","no_external_reference","generated","/assets/exercises/movement-library/adductor-rock-back.png","Normalized 640 × 960 PNG visually inspected: exact title, panel labels, anatomy, equipment, uncropped composition and readability checked. Supplemental illustration only."
"pelvic-tilts","Pelvic tilts","movement-library","movement-library","mobility","Whole body","Floor","","start_end","Existing restrictions remain authoritative","external_reference","generated","/assets/exercises/movement-library/pelvic-tilts.png","Normalized 640 × 960 PNG visually inspected: exact title, panel labels, anatomy, equipment, uncropped composition and readability checked. Supplemental illustration only."
"glute-bridge-with-reach","Glute bridge with reach","movement-library","movement-library","mobility","Lower leg & hips","Floor","","start_end","Existing restrictions remain authoritative","no_external_reference","generated","/assets/exercises/movement-library/glute-bridge-with-reach.png","Normalized 640 × 960 PNG visually inspected: exact title, panel labels, anatomy, equipment, uncropped composition and readability checked. Supplemental illustration only."
"banded-lateral-walk","Banded lateral walk","movement-library","movement-library","mobility","Lower leg & hips","Standing","rehab-bands","start_end","Existing restrictions remain authoritative","external_reference","generated","/assets/exercises/movement-library/banded-lateral-walk.png","Normalized 640 × 960 PNG visually inspected: exact title, panel labels, anatomy, equipment, uncropped composition and readability checked. Supplemental illustration only."
"supported-hip-airplane","Supported hip airplane","movement-library","movement-library","mobility","Hips","Standing hinge","","start_end","Existing restrictions remain authoritative","no_external_reference","generated","/assets/exercises/movement-library/supported-hip-airplane.png","Final batch: individually generated with the built-in image tool and visually reviewed for title, anatomy, distinct phases and equipment continuity. Existing setup, restrictions and Short Demo remain authoritative."
"box-squat-pattern","Box squat pattern","movement-library","movement-library","mobility","Lower leg & hips","Standing","","start_end","Existing restrictions remain authoritative","no_external_reference","generated","/assets/exercises/movement-library/box-squat-pattern.png","Normalized 640 × 960 PNG visually inspected: exact title, panel labels, anatomy, equipment, uncropped composition and readability checked. Supplemental illustration only."
"90-90-breathing","90/90 breathing","movement-library","movement-library","core_stability","Trunk","Floor","","setup_hold","Existing restrictions remain authoritative","external_reference","generated","/assets/exercises/movement-library/90-90-breathing.png","Normalized 640 × 960 PNG visually inspected: exact title, panel labels, anatomy, equipment, uncropped composition and readability checked. Supplemental illustration only."
"dead-bug","Dead bug","movement-library","movement-library","core_stability","Whole body","Floor","","start_end","Existing restrictions remain authoritative","external_reference","generated","/assets/exercises/movement-library/dead-bug.png","Normalized 640 × 960 PNG visually inspected: exact title, panel labels, anatomy, equipment, uncropped composition and readability checked. Supplemental illustration only."
"seated-core-march","Seated core march","movement-library","movement-library","core_stability","Trunk","Seated","","start_end","Existing restrictions remain authoritative","external_reference","generated","/assets/exercises/movement-library/seated-core-march.png","Normalized 640 × 960 PNG visually inspected: exact title, panel labels, anatomy, equipment, uncropped composition and readability checked. Supplemental illustration only."
"seated-pallof-hold","Seated Pallof hold","movement-library","movement-library","core_stability","Trunk","Seated","cable-station","setup_hold","Existing restrictions remain authoritative","no_external_reference","generated","/assets/exercises/movement-library/seated-pallof-hold.png","Normalized 640 × 960 PNG visually inspected: exact title, panel labels, anatomy, equipment, uncropped composition and readability checked. Supplemental illustration only."
"side-plank-from-knees","Side plank from knees","movement-library","movement-library","core_stability","Core","Floor","","setup_hold","Existing restrictions remain authoritative","external_reference","generated","/assets/exercises/movement-library/side-plank-from-knees.png","Normalized 640 × 960 PNG visually inspected: exact title, panel labels, anatomy, equipment, uncropped composition and readability checked. Supplemental illustration only."
"standing-pallof-press","Standing Pallof press","movement-library","movement-library","core_stability","Whole body","Standing","cable-station","start_end","Existing restrictions remain authoritative","external_reference","generated","/assets/exercises/movement-library/standing-pallof-press.png","Normalized 640 × 960 PNG visually inspected: exact title, panel labels, anatomy, equipment, uncropped composition and readability checked. Supplemental illustration only."
"cable-anti-rotation-walkout","Cable anti-rotation walkout","movement-library","movement-library","core_stability","Trunk","Standing","cable-station","start_end","Existing restrictions remain authoritative","no_external_reference","generated","/assets/exercises/movement-library/cable-anti-rotation-walkout.png","Normalized 640 × 960 PNG visually inspected: exact title, panel labels, anatomy, equipment, uncropped composition and readability checked. Supplemental illustration only."
"supported-single-arm-cable-press-with-brace","Supported single-arm cable press with brace","movement-library","movement-library","core_stability","Trunk","Standing","cable-station","start_end","Existing restrictions remain authoritative","no_external_reference","generated","/assets/exercises/movement-library/supported-single-arm-cable-press-with-brace.png","Normalized 640 × 960 PNG visually inspected: exact title, panel labels, anatomy, equipment, uncropped composition and readability checked. Supplemental illustration only."
"suitcase-carry","Suitcase carry","movement-library","movement-library","core_stability","Core","Standing","dumbbells","setup_walk","Existing restrictions remain authoritative","no_external_reference","generated","/assets/exercises/movement-library/suitcase-carry.png","Final batch: individually generated with the built-in image tool and visually reviewed for title, anatomy, distinct phases and equipment continuity. Existing setup, restrictions and Short Demo remain authoritative."
"supported-single-leg-stance","Supported single-leg stance","movement-library","movement-library","balance_movement_control","Lower leg & hips","Standing","","setup_hold","Existing restrictions remain authoritative","no_external_reference","generated","/assets/exercises/movement-library/supported-single-leg-stance.png","Normalized 640 × 960 PNG visually inspected: exact title, panel labels, anatomy, equipment, uncropped composition and readability checked. Supplemental illustration only."
"cat-cow","Cat-cow","movement-library","movement-library","recovery_practice","Trunk","Quadruped","","start_end","Existing restrictions remain authoritative","external_reference","generated","/assets/exercises/movement-library/cat-cow.png","Normalized 640 × 960 PNG visually inspected: exact title, panel labels, anatomy, equipment, uncropped composition and readability checked. Supplemental illustration only."
"supported-weight-shifts","Supported weight shifts","movement-library","movement-library","balance_movement_control","Lower leg & hips","Standing","","start_end","Existing restrictions remain authoritative","no_external_reference","generated","/assets/exercises/movement-library/supported-weight-shifts.png","Normalized 640 × 960 PNG visually inspected: exact title, panel labels, anatomy, equipment, uncropped composition and readability checked. Supplemental illustration only."
"tandem-stance","Tandem stance","movement-library","movement-library","balance_movement_control","Balance","Standing","","setup_hold","Existing restrictions remain authoritative","external_reference","generated","/assets/exercises/movement-library/tandem-stance.png","Normalized 640 × 960 PNG visually inspected: exact title, panel labels, anatomy, equipment, uncropped composition and readability checked. Supplemental illustration only."
"star-reach","Star reach","movement-library","movement-library","balance_movement_control","Lower leg & hips","Standing","","start_end","Existing restrictions remain authoritative","no_external_reference","generated","/assets/exercises/movement-library/star-reach.png","Normalized 640 × 960 PNG visually inspected: exact title, panel labels, anatomy, equipment, uncropped composition and readability checked. Supplemental illustration only."
"controlled-step-down","Controlled step-down","movement-library","movement-library","balance_movement_control","Legs","Standing","","start_end","Existing restrictions remain authoritative","no_external_reference","generated","/assets/exercises/movement-library/controlled-step-down.png","Final batch: individually generated with the built-in image tool and visually reviewed for title, anatomy, distinct phases and equipment continuity. Existing setup, restrictions and Short Demo remain authoritative."
"diaphragmatic-breathing","Diaphragmatic breathing","movement-library","movement-library","recovery_practice","Whole body","Floor","","setup_hold","Existing restrictions remain authoritative","no_external_reference","generated","/assets/exercises/movement-library/diaphragmatic-breathing.png","Normalized 640 × 960 PNG visually inspected: exact title, panel labels, anatomy, equipment, uncropped composition and readability checked. Supplemental illustration only."
"figure-four-glute-stretch","Figure-four glute stretch","movement-library","movement-library","recovery_practice","Whole body","Floor","","setup_hold","Existing restrictions remain authoritative","no_external_reference","generated","/assets/exercises/movement-library/figure-four-glute-stretch.png","Normalized 640 × 960 PNG visually inspected: exact title, panel labels, anatomy, equipment, uncropped composition and readability checked. Supplemental illustration only."
"open-book-rotation","Open-book rotation","movement-library","movement-library","recovery_practice","Whole body","Floor","","start_end","Existing restrictions remain authoritative","external_reference","generated","/assets/exercises/movement-library/open-book-rotation.png","Normalized 640 × 960 PNG visually inspected: exact title, panel labels, anatomy, equipment, uncropped composition and readability checked. Supplemental illustration only."
